task,source_prefix,n_selected,n_eval,n_inference_failed,n_audio_unresolved,n_value_available,n_value_pred,n_value_correct,exact_match_accuracy,value_accuracy,value_extraction_rate
age,ears_dataset_processed,2032,2032,0,4990,2032,2032,853,0.15895669291338582,0.4197834645669291,1.0
gender,ears_dataset_processed,2032,2032,0,4990,2032,2031,1874,0.06299212598425197,0.922244094488189,0.999507874015748
age,OVERALL,2032,2032,0,4990,2032,2032,853,0.15895669291338582,0.4197834645669291,1.0
gender,OVERALL,2032,2032,0,4990,2032,2031,1874,0.06299212598425197,0.922244094488189,0.999507874015748
