task,source_prefix,n_selected,n_eval,n_inference_failed,n_audio_unresolved,n_value_available,n_value_pred,n_value_correct,exact_match_accuracy,value_accuracy,value_extraction_rate
age,ears_dataset_processed,431,431,0,0,431,431,123,0.10904872389791183,0.2853828306264501,1.0
ethnicity,ears_dataset_processed,431,431,0,0,431,431,401,0.16009280742459397,0.9303944315545244,1.0
gender,ears_dataset_processed,431,431,0,0,431,431,385,0.09744779582366589,0.8932714617169374,1.0
age,OVERALL,431,431,0,0,431,431,123,0.10904872389791183,0.2853828306264501,1.0
ethnicity,OVERALL,431,431,0,0,431,431,401,0.16009280742459397,0.9303944315545244,1.0
gender,OVERALL,431,431,0,0,431,431,385,0.09744779582366589,0.8932714617169374,1.0
