task,n_eval,n_incorrect,value_accuracy
gender,7022,978,0.8607234406152093
age,7022,3975,0.43392195955568214
ethnicity,7022,1352,0.8074622614639704
