task,source_prefix,n_selected,n_eval,n_inference_failed,n_audio_unresolved,n_value_available,n_value_pred,n_value_correct,exact_match_accuracy,value_accuracy,value_extraction_rate
age,ears_dataset_processed,7022,7022,0,0,6903,6902,3047,0.1659071489604101,0.441402288859916,0.9998551354483558
ethnicity,ears_dataset_processed,7022,7022,0,0,7022,7022,5670,0.1189119908857875,0.8074622614639704,1.0
gender,ears_dataset_processed,7022,7022,0,0,6801,6788,6044,0.0535459982910851,0.88869283928834,0.9980885163946478
age,timit_dataset,1680,1680,0,0,1680,1680,519,0.1761904761904762,0.3089285714285714,1.0
dialect,timit_dataset,1680,1680,0,0,1680,1155,224,0.1077380952380952,0.1333333333333333,0.6875
gender,timit_dataset,1680,1680,0,0,1680,1680,1650,0.0511904761904761,0.9821428571428572,1.0
