task,source_prefix,n_selected,n_eval,n_inference_failed,n_audio_unresolved,n_value_available,n_value_pred,n_value_correct,exact_match_accuracy,value_accuracy,value_extraction_rate
age,ears_dataset_processed,657,657,0,0,657,657,236,0.2191780821917808,0.3592085235920852,1.0
ethnicity,ears_dataset_processed,657,657,0,0,657,657,555,0.0624048706240487,0.8447488584474886,1.0
gender,ears_dataset_processed,657,657,0,0,657,656,592,0.1232876712328767,0.9010654490106544,0.9984779299847792
age,OVERALL,657,657,0,0,657,657,236,0.2191780821917808,0.3592085235920852,1.0
ethnicity,OVERALL,657,657,0,0,657,657,555,0.0624048706240487,0.8447488584474886,1.0
gender,OVERALL,657,657,0,0,657,656,592,0.1232876712328767,0.9010654490106544,0.9984779299847792
