task,source_prefix,n_selected,n_eval,n_inference_failed,n_audio_unresolved,n_value_available,n_value_pred,n_value_correct,exact_match_accuracy,value_accuracy,value_extraction_rate
age,ears_dataset_processed,425,425,0,0,425,425,201,0.31058823529411766,0.47294117647058825,1.0
ethnicity,ears_dataset_processed,425,425,0,0,425,425,401,0.09647058823529411,0.9435294117647058,1.0
gender,ears_dataset_processed,425,425,0,0,374,373,345,0.09647058823529411,0.9224598930481284,0.9973262032085561
age,OVERALL,425,425,0,0,425,425,201,0.31058823529411766,0.47294117647058825,1.0
ethnicity,OVERALL,425,425,0,0,425,425,401,0.09647058823529411,0.9435294117647058,1.0
gender,OVERALL,425,425,0,0,374,373,345,0.09647058823529411,0.9224598930481284,0.9973262032085561
