task,n_eval,n_correct,n_incorrect,value_accuracy
age,7022,3047,3975,0.43392195955568214
ethnicity,7022,5670,1352,0.8074622614639704
gender,7022,6044,978,0.8607234406152093
