task,source_prefix,n_selected,n_eval,n_inference_failed,n_audio_unresolved,n_value_available,n_value_pred,n_value_correct,exact_match_accuracy,value_accuracy,value_extraction_rate
age,ears_dataset_processed,7022,7022,0,0,6903,6902,3047,0.16590714896041014,0.441402288859916,0.9998551354483558
ethnicity,ears_dataset_processed,7022,7022,0,0,7022,7022,5670,0.11891199088578752,0.8074622614639704,1.0
gender,ears_dataset_processed,7022,7022,0,0,6801,6788,6044,0.05354599829108516,0.88869283928834,0.9980885163946478
age,OVERALL,7022,7022,0,0,6903,6902,3047,0.16590714896041014,0.441402288859916,0.9998551354483558
ethnicity,OVERALL,7022,7022,0,0,7022,7022,5670,0.11891199088578752,0.8074622614639704,1.0
gender,OVERALL,7022,7022,0,0,6801,6788,6044,0.05354599829108516,0.88869283928834,0.9980885163946478
